{
    "start": [38.395879, -110.779201],
    "targets": [
        [38.398112, -110.783233],
        [38.396112, -110.784533],
        [38.397612, -110.797833]
    ]
}